#########################################
#
# wikipedia-de.txt
#
#########################################
@lang=de
#########################################
Nimzowitsch, Aaron|Aaron_Nimzowitsch
Soltau, Achim|Achim_Soltau
Albin, Adolf|Adolf_Albin
Anderssen, Adolf|Adolf_Anderssen
Schwarz, Adolf|Adolf_Schwarz_%28Schachspieler%29
Stern, Adolf|Adolf_Stern_%28Schachspieler%29
Michaltschischin, Adrian|Adrian_Michaltschischin
Brustman, Agnieszka|Agnieszka_Brustman
Adly, Ahmed|Ahmed_Adly
Gipslis, Aivars|Aivars_%C4%A2ipslis
Rubinstein, Akiba|Akiba_Rubinstein
Galway, Alberic O'Kelly de|Alb%C3%A9ric_O%E2%80%99Kelly_de_Galway
Becker, Albert|Albert_Becker_%28Schachspieler%29
David, Alberto|Alberto_David
Planinc, Albin|Albin_Planinc
Ramirez, Alejandro|Alejandro_Ram%C3%ADrez
Matanovic, Aleksandar|Aleksandar_Matanovi%C4%87
Mista, Aleksander|Aleksander_Mi%C5%9Bta
Wojtkiewicz, Aleksander|Aleksander_Wojtkiewicz
Salvio, Alessandro|Alessandro_Salvio
Yermolinsky, Alex|Alex_Yermolinsky
Deltschew, Alexandar|Alexandar_Deltschew
Baburin, Alexander|Alexander_Baburin
Bangiev, Alexander|Alexander_Bangiev
Beljawski, Alexander|Alexander_Beljawski_%28Schachspieler%29
Berelowitsch, Alexander|Alexander_Berelowitsch
Chalifman, Alexander|Alexander_Walerjewitsch_Chalifman
Csernyin, Alexander|Alexander_Csernyin
Petrow, Alexander Dmitrijewitsch|Alexander_Dmitrijewitsch_Petrow
Galkin, Alexander|Alexander_Galkin
Graf, Alexander|Alexander_Graf
Grischuk, Alexander|Alexander_Igorewitsch_Grischtschuk
Hoffmann, Alexander|Alexander_Hoffmann
Kotov, Alexander Alexandrovich|Alexander_Alexandrowitsch_Kotow
Kotschijew, Alexander|Alexander_Wassiljewitsch_Kotschijew
McDonnell, Alexander|Alexander_McDonnell
Morosewitsch, Alexander|Alexander_Sergejewitsch_Morosewitsch
Motyljow, Alexander|Alexander_Anatoljewitsch_Motyljow
Naumann, Alexander|Alexander_Naumann
Saizew, Alexander|Alexander_Nikolajewitsch_Saizew
Shabalov, Alexander|Alexander_Shabalov
Tolusch, Alexander|Alexander_Kasimirowitsch_Tolusch
Fier, Alexandr|Alexandr_Fier
Kostenjuk, Alexandra|Alexandra_Konstantinowna_Kostenjuk
Deschapelles, Alexandre|Alexandre_Deschapelles
Alexandrow, Alexei|Alexei_Alexandrow
Barsov, Alexei|Alexei_Barsov
Drejew, Alexei|Alexei_Sergejewitsch_Drejew
Fjodorow, Alexei|Alexei_Fjodorow_%28Schachspieler%29
Schirow, Alexei|Alexei_Schirow
Suetin, Alexei|Alexei_Stepanowitsch_Suetin
Beni, Alfred|Alfred_Beni
Brinckmann, Alfred|Alfred_Brinckmann
Butnorius, Algimantas|Algimantas_Butnorius
Gershon, Alik|Alik_Gershon
Maric, Alisa|Alisa_Mari%C4%87
Galljamowa, Alissa|Alissa_Michailowna_Galljamowa
Scripcenco, Almira|Almira_Scripcenco
Greenfeld, Alon|Alon_Greenfeld
Kveinys, Aloyzas|Aloyzas_Kveinys
Burn, Amos|Amos_Burn
Matnadse, Ana|Ana_Matnadse
Srebrnic, Ana|Ana_Srebrni%C4%8D
Karpov, Anatoli|Anatoli_Jewgenjewitsch_Karpow
Lein, Anatoli|Anatoli_Jakowlewitsch_Lein
Lutikow, Anatoli|Anatoli_Stepanowitsch_Lutikow
Waisser, Anatoli|Anatoli_Wolfowitsch_Waisser
Lilienthal, Andor|Andor_Lilienthal
Adorjan, Andras|Andr%C3%A1s_Adorj%C3%A1n_%28Schachspieler%29
Diamant, Andre|Andr%C3%A9_Diamant_%28Schachspieler%29
Lombard, Andre|Andr%C3%A9_Lombard
Bachmann, Andreas|Andreas_Bachmann_%28Schachspieler%29
Dueckstein, Andreas|Andreas_D%C3%BCckstein
Heimann, Andreas|Andreas_Heimann
Schenk, Andreas|Andreas_Schenk
Charlow, Andrei|Andrei_Charlow
Istratescu, Andrei|Andrei_Istr%C4%83%C5%A3escu
Murariu, Andrei|Andrei_Murariu
Sokolov, Andrei|Andrei_Sokolov
Wolokitin, Andrij|Andrij_Wolokitin
Giri, Anish|Anish_Giri
Koglin, Anke|Anke_Koglin
Musytschuk, Anna|Anna_Musytschuk
Rudolf, Anna|Anna_Rudolf
Scharewitsch, Anna|Anna_Scharewitsch
Uschenina, Anna|Anna_Uschenina
Zatonskih, Anna|Anna_Zatonskih
Wagner-Michel, Annett|Annett_Wagner-Michel
Brkic, Ante|Ante_Brki%C4%87_%28Schachspieler%29
Saric, Ante|Ante_%C5%A0ari%C4%87
Kosten, Anthony|Anthony_Kosten
Stefanowa, Antoaneta|Antoaneta_Stefanowa
Korobow, Anton|Anton_Korobow
Braun, Arik|Arik_Braun
Naiditsch, Arkadij|Arkadij_Naiditsch
Lauber, Arnd|Arnd_Lauber
Zude, Arno|Arno_Zude
Schottlaender, Arnold|Arnold_Schottl%C3%A4nder
Petrosjan, Arschak|Arschak_Petrosjan
Minassjan, Artasches|Artasches_Minassjan
Bisguier, Arthur|Arthur_Bisguier
Timofejew, Artjom|Artjom_Walerjewitsch_Timofejew
Hennings, Artur|Artur_Hennings
Jussupow, Artur|Artur_Jussupow
Poplawski, Artur|Artur_Pop%C5%82awski
Salamanca, Arturo Pomar|Arturo_Pomar_Salamanca
Anastassjan, Aschot|Aschot_Anastassjan
Groszpeter, Attila|Attila_Gr%C3%B3szp%C3%A9ter
Bachmann, Axel|Axel_Bachmann
Heinz, Axel|Axel_Heinz
Dschobawa, Baadur|Baadur_Dschobawa
Kowanowa, Baira|Baira_Kowanowa
Hoenlinger, Baldur|Baldur_H%C3%B6nlinger
Hund, Barbara|Barbara_Hund
Macieja, Bartlomiej|Bart%C5%82omiej_Macieja
Socko, Bartosz|Bartosz_So%C4%87ko
Amin, Bassem|Bassem_Amin
Tuvshintugs, Batchimeg|Batchimeg_Tuvshintugs
Munguntuul, Batkhuyag|Batkhuyag_Munguntuul
Zueger, Beat|Beat_Z%C3%BCger
Kadziolka, Beata|Beata_K%C4%85dzio%C5%82ka
Igla, Bella|Bella_Igla
Finegold, Benjamin|Ben_Finegold
Larsen, Bent|Bent_Larsen
Feustel, Bernd|Bernd_Feustel
Schneider, Bernd|Bernd_Schneider_%28Schachspieler%29
Horwitz, Bernhard|Bernhard_Horwitz
Englisch, Berthold|Berthold_Englisch
Koch, Berthold|Berthold_Koch
Trabert, Bettina|Bettina_Trabert
Fischer, Bobby|Bobby_Fischer
Kurajica, Bojan|Bojan_Kurajica
Vuckovic, Bojan|Bojan_Vu%C4%8Dkovi%C4%87_%28Schachspieler%29
Alterman, Boris|Boris_Alterman
Awruch, Boris|Boris_Awruch
Gelfand, Boris|Boris_Gelfand
Gulko, Boris F|Boris_Franzewitsch_Gulko
Kostic, Boris|Boris_Kosti%C4%87
Margolin, Boris|Boris_Margolin
Spasski, Boris W|Boris_Wassiljewitsch_Spasski
Ivkov, Borislav|Borislav_Ivkov
Predojevic, Borki|Borki_Predojevi%C4%87
Ivanovic, Bozidar|Bo%C5%BEidar_Ivanovi%C4%87
Damljanovic, Branko|Branko_Damljanovi%C4%87
Parma, Bruno|Bruno_Parma
Xiangzhi, Bu|Bu_Xiangzhi
Gurgenidse, Buchuti|Buchuti_Gurgenidse
Malich, Burkhard|Burkhard_Malich
Baginskaite, Camilla|Camilla_Baginskaite
Ahues, Carl|Carl_Ahues
Walbrodt, Carl August|Carl_August_Walbrodt
Carls, Carl|Carl_Carls
Jaenisch, Carl Friedrich|Carl_Friedrich_J%C3%A4nisch
Goering, Carl|Carl_G%C3%B6ring
Hamppe, Carl|Carl_Hamppe
Mayet, Carl|Carl_Mayet
Schlechter, Carl|Carl_Schlechter
Guimard, Carlos E|Carlos_Guimard
Repetto, Carlos Torre|Carlos_Torre_Repetto
Voicu-Jagodzinsky, Carmen|Carmen_Voicu-Jagodzinsky
Hoi, Carsten|Carsten_H%C3%B8i
Vere, Cecil De|Cecil_De_Vere
Silans, Chantal Chaude de|Chantal_Chaud%C3%A9_de_Silans
Bauer, Christian|Christian_Bauer_%28Schachspieler%29
Gabriel, Christian|Christian_Gabriel
Mann, Christian|Christian_Mann
Richter, Christian|Christian_Richter_%28Schachspieler%29
Seel, Christian|Christian_Seel
Wilhelmi, Christian|Christian_Wilhelmi
Lutz, Christopher|Christopher_Lutz
Landenbergue, Claude|Claude_Landenbergue
Amura, Claudia|Claudia_Amura
McNab, Colin A|Colin_McNab
Lupulescu, Constantin|Constantin_Lupulescu
Peptan, Corina-Isabela|Corina-Isabela_Peptan
Balogh, Csaba|Csaba_Balogh
Hansen, Curt|Curt_Hansen
Bardeleben, Curt von|Curt_von_Bardeleben
Ciuksyte, Dagne|Dagn%C4%97_%C4%8Ciuk%C5%A1yt%C4%97
Yanofsky, Daniel Abraham|Daniel_Abraham_Yanofsky
Campora, Daniel H|Daniel_C%C3%A1mpora
Fridman, Daniel|Daniel_Fridman
Harrwitz, Daniel|Daniel_Harrwitz
King, Daniel|Daniel_King_%28Schachspieler%29
Lima, Darcy|Darcy_Lima
Ruzele, Darius|Darius_Ru%C5%BEel%C4%97
Anic, Darko|Darko_Ani%C4%87
Sadwakasow, Darmen|Darmen_Sadwakasow
Johansen, Darryl|Darryl_Johansen
Baramidze, David|David_Baramidze
Berczes, David|D%C3%A1vid_B%C3%A9rczes
Bronstein, David|David_Ionowitsch_Bronstein
Howell, David|David_Howell_%28Schachspieler%29
Navara, David|David_Navara
Palo, Davor|Davor_Palo
Przepiorka, Dawid|Dawid_Przepi%C3%B3rka
Dschodschua, Dawit|Dawit_Dschodschua
Schengelia, Dawit|Dawit_Schengelia
Breder, Dennis|Dennis_Breder
Bertholdt, Dieter|Dieter_Bertholdt
Mohrlok, Dieter|Dieter_Mohrlok
Stern, Dieter|Dieter_Stern
Bunzmann, Dimitri|Dimitri_Bunzmann
Reinderman, Dimitri|Dimitri_Reinderman
Jakowenko, Dmitri|Dmitri_Olegowitsch_Jakowenko
Ponziani, Domenico Lorenzo|Domenico_Lorenzo_Ponziani
Rogozenko, Dorian|Dorian_Rogozenko
Zifroni, Dov|Dov_Zifroni
Blagojevic, Dragisa|Dragi%C5%A1a_Blagojevi%C4%87
Ciric, Dragoljub M|Dragoljub_%C4%8Ciri%C4%87
Janosevic, Dragoljub|Dragoljub_Jano%C5%A1evi%C4%87
Velimirovic, Dragoljub|Dragoljub_Velimirovi%C4%87
Marovic, Drazen|Dra%C5%BEen_Marovi%C4%87
Suttles, Duncan|Duncan_Suttles
Pavasovic, Dusko|Du%C5%A1ko_Pavasovi%C4%8D
Schmittdiel, Eckhard|Eckhard_Schmittdiel
Handoko, Edhi|Edhi_Handoko
Keller-Herrmann, Edith|Edith_Keller-Herrmann
Mednis, Edmar J|Edmar_Mednis
Dyckhoff, Eduard|Eduard_Dyckhoff
Gufeld, Eduard|Eduard_Gufeld
Meduna, Eduard|Eduard_Meduna
Rozentalis, Eduardas|Eduardas_Rozentalis
Kengis, Edvins|Edv%C4%ABns_%C4%B6e%C5%86%C4%A3is
Bogoljubow, Efim|Efim_Bogoljubow
Geller, Efim P|Efim_Geller
Post, Ehrhardt|Ehrhardt_Post
Gausel, Einar|Einar_Gausel
Atalik, Ekaterina|Ekaterina_Atal%C4%B1k
Donaldson-Akhmilovskaya, Elena|Elena_Donaldson-Akhmilovskaya
Lewuschkina, Elena|Elena_Lewuschkina
Sedina, Elena|Elena_Sedina
Williams, Elijah|Elijah_Williams
Danieljan, Elina|Elina_Danieljan
Polihroniade, Elisabeta|Elisabeta_Polihroniade
Paehtz, Elisabeth|Elisabeth_P%C3%A4htz
Richtrova, Eliska|Eli%C5%A1ka_Richtrov%C3%A1
Elmar MrElmar_M%C9%99h%C9%99rr%C9%99mov
Safarli, Eltac|Eltac_S%C9%99f%C9%99rli
Berg, Emanuel|Emanuel_Berg
Lasker, Emanuel|Emanuel_Lasker
Schiffers, Emanuel|Emanuel_Schiffers
Anka, Emil|Emil_Anka
Diemer, Emil Joseph|Emil_Joseph_Diemer
Schallopp, Emil|Emil_Schallopp
Sutovsky, Emil|Emil_Sutovsky
Dschingarowa, Emilija|Emilija_Dschingarowa
Cordova, Emilio|Emilio_C%C3%B3rdova
Bukic, Enver|Enver_Buki%C4%87
Dervishi, Erald|Erald_Dervishi
Lobron, Eric|Eric_Lobron
Cohn, Erich|Erich_Cohn
Eliskases, Erich|Erich_Eliskases
Doel, Erik van den|Erik_van_den_Doel
Inarkiew, Ernesto|Ernesto_Inarkiew
Falkbeer, Ernst|Ernst_Falkbeer
Gruenfeld, Ernst|Ernst_Gr%C3%BCnfeld
Voellmy, Erwin|Erwin_Voellmy
Bacrot, Etienne|%C3%89tienne_Bacrot
Tripolsky, Eugen|Eugen_Tripolsky
Torre, Eugenio|Eugenio_Torre
Karakas, Eva|%C3%89va_Karakas
Moser, Eva|Eva_Moser_%28Schachspielerin%29
Shmirina, Evgenija|Evgenija_Shmirina
Agrest, Evgeny|Evgeny_Agrest
Abbasov, Farid|F%C9%99rid_Abbasov
Doettling, Fabian|Fabian_D%C3%B6ttling
Caruana, Fabiano|Fabiano_Caruana
Libiszewski, Fabien|Fabien_Libiszewski
Bindrich, Falko|Falko_Bindrich
Levin, Felix|Felix_Levin
Berkes, Ferenc|Ferenc_Berkes
Peralta, Fernando|Fernando_Peralta_%28Schachspieler%29
Chassanowa, Fljura|Fljura_Chassanowa
Grafl, Florian|Florian_Grafl
Handke, Florian|Florian_Handke
Jenni, Florian|Florian_Jenni
Gheorghiu, Florin|Florin_Gheorghiu
Benkoe, Francisco|Francisco_Benk%C3%B6
Pons, Francisco Vallejo|Francisco_Vallejo_Pons
Philidor, Francois-Andre Danican|Fran%C3%A7ois-Andr%C3%A9_Danican_Philidor
Holzke, Frank|Frank_Holzke
Lamprecht, Frank|Frank_Lamprecht
Marshall, Frank|Frank_Marshall_%28Schachspieler%29
Zeller, Frank|Frank_Zeller
Olafsson, Fridrik|Fri%C3%B0rik_%C3%93lafsson
Rinder, Friedl|Friedl_Rinder
Saemisch, Friedrich|Friedrich_S%C3%A4misch
Nijboer, Friso|Friso_Nijboer
Baumbach, Fritz|Fritz_Baumbach
Riemann, Fritz|Fritz_Riemann_%28Schachspieler%29
Sarkissjan, Gabriel|Gabriel_Sarkissjan
Agamaliyev, Gamil|C%C9%99mil_A%C4%9Famal%C4%B1yev
Kasparov, Garri|Garri_Kimowitsch_Kasparow
Kamsky, Gata|Gata_Kamsky
Barcza, Gedeon|Gedeon_Barcza
Kusmin, Gennadi P|Gennadi_Pawlowitsch_Kusmin
Sosonko, Gennadi|Gennadi_Sosonko
Fish, Gennadij|Gennadij_Fish
Timoscenko, Gennadij|Gennadij_Timo%C5%A1%C4%8Denko
Kieninger, Georg|Georg_Kieninger
Marco, Georg|Georg_Marco
Meier, Georg|Georg_Meier_%28Schachspieler%29
Seul, Georg|Georg_Seul
Siegel, Georg|Georg_Siegel
Mackenzie, George Henry|George_Henry_Mackenzie
Tringow, Georgi P|Georgi_Tringow
Souleidis, Georgios|Georgios_Souleidis
Hertneck, Gerald|Gerald_Hertneck
Barbero, Gerardo F|Gerardo_Barbero
Pfeiffer, Gerhard|Gerhard_Pfeiffer
Schebler, Gerhard|Gerhard_Schebler
Meins, Gerlef|Gerlef_Meins
Weber, Gerold|Gerold_Weber
Baumstark, Gertrude|Gertrude_Baumstark
Maroczy, Geza|G%C3%A9za_Mar%C3%B3czy
Lolli, Giambattista|Giambattista_Lolli
Stahlberg, Gideon|Gideon_St%C3%A5hlberg
Milos, Gilberto|Gilberto_Milos
Cutri, Giovanni Leonardo da|Giovanni_Leonardo_da_Cutri
Vescovi, Giovanni|Giovanni_Vescovi
Fischdick, Gisela|Gisela_Fischdick
Polerio, Giulio Cesare|Giulio_Cesare_Polerio
Flear, Glenn C|Glenn_Flear
Stoltz, Goesta|G%C3%B6sta_Stoltz
Machate, Gottlieb|Gottlieb_Machate
Kaidanov, Gregory S|Gregory_Kaidanov
Pitl, Gregory|Gregory_Pitl
Loewenfisch, Grigori Jakowlewitsch|Grigori_Jakowlewitsch_L%C3%B6wenfisch
Sigurjonsson, Gudmundur|Gu%C3%B0mundur_Sigurj%C3%B3nsson
Kuba, Guenter|G%C3%BCnter_Kuba
Beikert, Guenther|G%C3%BCnther_Beikert
Moehring, Guenther|G%C3%BCnther_M%C3%B6hring
Kern, Guido|Guido_Kern
Garcia Gonzalez, Guillermo|Guillermo_Garc%C3%ADa_Gonz%C3%A1lez
Spiess, Gunter|Gunter_Spie%C3%9F
Neumann, Gustav Richard|Gustav_Richard_Neumann
Forintos, Gyozo V|Gy%C5%91z%C5%91_Forintos
Sax, Gyula|Gyula_Sax
Erenska-Barlo, Hanna|Hanna_Ere%C5%84ska-Barlo
Langrock, Hannes|Hannes_Langrock
Fahrni, Hans|Hans_Fahrni
Geiger, Hans Dr|Hans_Geiger_%28Schachspieler%29
Schudel, Hans Jakob|Hans_Jakob_Schudel
Johner, Hans|Hans_Johner
Kmoch, Hans|Hans_Kmoch
Mueller, Hans AUT|Hans_M%C3%BCller_%28Schachspieler%29
Ree, Hans|Hans_Ree
Staudte, Hans-Hilmar|Hans-Hilmar_Staudte
Sonntag, Hans-Hubert|Hans-Hubert_Sonntag
Hecht, Hans-Joachim|Hans-Joachim_Hecht
Elwert, Hans-Marcus|Hans-Marcus_Elwert
Gruenberg, Hans-Ulrich|Hans-Ulrich_Gr%C3%BCnberg
Groetz, Harald|Harald_Gr%C3%B6tz
Jonkman, Harmen|Harmen_Jonkman
Hunt, Harriet|Harriet_Hunt
Pillsbury, Harry Nelson|Harry_Nelson_Pillsbury
Rossetto, Hector|H%C3%A9ctor_Rossetto
Kallio, Heikki|Heikki_Kallio
Westerinen, Heikki M J|Heikki_Westerinen
Burger, Heinrich|Heinrich_Burger_%28Schachspieler%29
Wagner, Heinrich|Heinrich_Wagner_%28Schachspieler%29
Lehmann, Heinz|Heinz_Lehmann_%28Schachspieler%29
Wirthensohn, Heinz|Heinz_Wirthensohn
Hennig, Heinz von|Heinz_von_Hennig_%28Schachspieler%29
Mira, Helene|Helene_Mira
Gretarsson, Helgi Ass|Helgi_%C3%81ss_Gr%C3%A9tarsson
Olafsson, Helgi|Helgi_%C3%93lafsson
Pfleger, Helmut|Helmut_Pfleger
Danielsen, Henrik|Henrik_Danielsen
Mecking, Henrique da Costa|Henrique_da_Costa_Mecking
Bird, Henry Edward|Henry_Edward_Bird
Grob, Henry|Henry_Grob
Caceres, Henry Urday|Henry_Urday_C%C3%A1ceres
Bastian, Herbert|Herbert_Bastian
Heinicke, Herbert|Herbert_Heinicke
Pilnik, Herman|Herman_Pilnik
Heemsoth, Hermann|Hermann_Heemsoth
Gottschall, Hermann von|Hermann_von_Gottschall
Hamdouchi, Hicham|Hicham_Hamdouchi
Nakamura, Hikaru|Hikaru_Nakamura
Trang, Hoang Thanh|Ho%C3%A0ng_Thanh_Trang
Rittner, Horst|Horst_Rittner
Yifan, Hou|Hou_Yifan
Staunton, Howard|Howard_Staunton
Stevic, Hrvoje|Hrvoje_Stevi%C4%87
Suechting, Hugo|Hugo_S%C3%BCchting
Koneru, Humpy|K._Humpy
Rogers, Ian|Ian_Rogers
Khamrakulov, Ibragim S|Ibragim_Khamrakulov
Saric, Ibro|Ibro_%C5%A0ari%C4%87
Kolisch, Ignaz von|Ignaz_von_Kolisch
Berezovsky, Igor|Igor_Berezovsky
Bondarewski, Igor|Igor_Sacharowitsch_Bondarewski
Glek, Igor|Igor_Wladimirowitsch_Glek
Khenkin, Igor|Igor_Khenkin
Miladinovic, Igor|Igor_Miladinovi%C4%87
Saizew, Igor|Igor_Arkadjewitsch_Saizew
Stohl, Igor|Igor_%C5%A0tohl
Rausis, Igors|Igors_Rausis
Madl, Ildiko|Ildik%C3%B3_M%C3%A1dl
Smirin, Ilia|Ilia_Smirin
Balinow, Ilija|Ilija_Balinow
Brener, Ilja|Ilja_Brener
Schneider, Ilja|Ilja_Schneider
Zaragatski, Ilja|Ilja_Zaragatski
Gurevich, Ilya|Ilya_Gurevich
Hera, Imre Jr|Imre_H%C3%A9ra
Janowskaja, Inna|Inna_Janowskaja
Krush, Irina|Irina_Krush
Levitina, Irina|Irina_Levitina
Kashdan, Isaac|Isaac_Kashdan
Boleslawski, Isaak|Isaak_Efremowitsch_Boleslawski
Gunsberg, Isidor|Isidor_Gunsberg
Bilek, Istvan|Istv%C3%A1n_Bilek
Csom, Istvan|Istv%C3%A1n_Csom
Iulia-Ionela Ionicia-Ionela_Ionic%C7%8E
Farago, Ivan|Iv%C3%A1n_Farag%C3%B3
Nemet, Ivan|Ivan_Nemet
Sokolov, Ivan|Ivan_Sokolov
Donev, Ivo|Ivo_Donev
Radulow, Iwan|Iwan_Radulow
Tscheparinow, Iwan|Iwan_Tscheparinow
Rajlich, Iweta|Iweta_Rajlich
Ehlvest, Jaan|Jaan_Ehlvest
Gdanski, Jacek|Jacek_Gda%C5%84ski
Showalter, Jackson Whipps|Jackson_Whipps_Showalter
Aagaard, Jacob|Jacob_Aagaard
Sarratt, Jacob Henry|Jacob_Henry_Sarratt
Murey, Jacob|Jacob_Murey
Yuchtman, Jacob|Jacob_Yuchtman
Mieses, Jacques|Jacques_Mieses
Balcerak, Jakob|Jakob_Balcerak
Heissler, Jakob|Jakob_Heissler
Mason, James|James_Mason
Tarjan, James|James_Tarjan
Gustafsson, Jan|Jan_Gustafsson
Markos, Jan|J%C3%A1n_Marko%C5%A1
Sprenger, Jan Michael|Jan_Michael_Sprenger
Nepomnjaschtschi, Jan|Jan_Nepomnjaschtschi
Plachetka, Jan|J%C3%A1n_Plachetka
Smeets, Jan|Jan_Smeets
Smejkal, Jan|Jan_Smejkal
Timman, Jan|Jan_Timman
Votava, Jan|Jan_Votava
Bellin, Jana|Jana_Bellin
Klovans, Janis|J%C4%81nis_Klov%C4%81ns
Dufresne, Jean|Jean_Dufresne
Korbut, Jekaterina|Jekaterina_Walerjewna_Korbut
Kowalewskaja, Jekaterina|Jekaterina_Walentinowna_Kowalewskaja
Dembo, Jelena|Jelena_Dembo
Fatalibekowa, Jelena|Jelena_Abramowna_Fatalibekowa
Bykowa, Jelisaweta|Jelisaweta_Iwanowna_Bykowa
Piket, Jeroen|Jeroen_Piket
Konikowski, Jerzy|Jerzy_Konikowski
Nill, Jessica|Jessica_Nill
Svesnikovs, Jevgenijs|Jevg%C4%93%C5%86ijs_Sve%C5%A1%C5%86ikovs
Alexejew, Jewgeni|Jewgeni_Wladimirowitsch_Alexejew
Barejew, Jewgeni|Jewgeni_Ilgisowitsch_Barejew
Najer, Jewgeni|Jewgeni_Jurjewitsch_Najer
Tomaschewski, Jewgeni|Jewgeni_Jurjewitsch_Tomaschewski
Wasjukow, Jewgeni|Jewgeni_Andrejewitsch_Wasjukow
Miroschnytschenko, Jewhen|Jewhen_Miroschnytschenko
Lechtvnsky, Jiri|Ji%C5%99%C3%AD_Lecht%C3%BDnsk%C3%BD
Stocek, Jiri|Ji%C5%99%C3%AD_%C5%A0to%C4%8Dek
Benjamin, Joel|Joel_Benjamin
Lautier, Joel|Jo%C3%ABl_Lautier
Blauert, Joerg|J%C3%B6rg_Blauert
Hickl, Joerg|J%C3%B6rg_Hickl
Hellsten, Johan|Johan_Hellsten
Allgaier, Johann Baptist|Johann_Baptist_Allgaier
Berger, Johann|Johann_Berger
Bauer, Johann Hermann|Johann_Hermann_Bauer
Hjartarson, Johann|J%C3%B3hann_Hjartarson
Loewenthal, Johann Jacob|Johann_Jacob_L%C3%B6wenthal
Eising, Johannes|Johannes_Eising
Donner, Johannes Hendrikus|Johannes_Hendrikus_Donner
Zukertort, Johannes Hermann|Johannes_Hermann_Zukertort
Metger, Johannes|Johannes_Metger
Minckwitz, Johannes|Johannes_Minckwitz
Cochrane, John|John_Cochrane
Fedorowicz, John|John_Fedorowicz
Nunn, John|John_Nunn
Shaw, John|John_Shaw_%28Schachspieler%29
Wiel, John van der|John_van_der_Wiel
Hammer, Jon Ludvig|Jon_Ludvig_Hammer
Mestel, Jonathan|Jonathan_Mestel
Rowson, Jonathan|Jonathan_Rowson
Speelman, Jonathan|Jonathan_Speelman
Hector, Jonny|Jonny_Hector
Belic, Jordanka|Jordanka_Beli%C4%87
Capablanca, Jose Raul|Jos%C3%A9_Ra%C3%BAl_Capablanca
Klinger, Josef|Josef_Klinger
Lokvenc, Josef|Josef_Lokvenc
Gallager, Joseph|Joseph_Gallagher
Gallagher, Joseph|Joseph_Gallagher
Blackburne, Joseph Henry|Joseph_Henry_Blackburne
Platz, Joseph|Joseph_Platz
Dorfman, Josif|Josif_Dorfman
Yrjoelae, Jouni|Jouni_Yrj%C3%B6l%C3%A4
Horvath, Jozsef|J%C3%B3zsef_Horv%C3%A1th
Pinter, Jozsef|J%C3%B3zsef_Pint%C3%A9r
Szen, Jozsef|J%C3%B3zsef_Sz%C3%A9n
Polgar, Judit|Judit_Polg%C3%A1r
Dueball, Juergen|J%C3%BCrgen_Dueball
Fleck, Juergen|J%C3%BCrgen_Fleck
Graf, Juergen|J%C3%BCrgen_Graf_%28Schachspieler%29
Pichler, Juergen|J%C3%BCrgen_Pichler
Riviere, Jules Arnous de|Jules_Arnous_de_Rivi%C3%A8re
Hodgson, Julian|Julian_Hodgson
Radulski, Julian|Julian_Radulski
Hund, Juliane|Juliane_Hund
Zuniga, Julio Ernesto Granda|Julio_Ernesto_Granda_Z%C3%BA%C3%B1iga
Perlis, Julius|Julius_Perlis_%28Schachspieler%29
Awerbach, Juri|Juri_Lwowitsch_Awerbach
Balaschow, Juri|Juri_Sergejewitsch_Balaschow
Rasuwajew, Juri|Juri_Sergejewitsch_Rasuwajew
Kuelaots, Kaido|Kaido_K%C3%BClaots
Mokry, Karel|Karel_Mokr%C3%BD
Traxler, Karel|Karel_Traxler
Asrjan, Karen|Karen_Asrjan
Gilg, Karl|Karl_Gilg
Robatsch, Karl|Karl_Robatsch
Maeder, Karl-Heinz|Karl-Heinz_Maeder
Podzielny, Karl-Heinz|Karl-Heinz_Podzielny
Mueller, Karsten|Karsten_M%C3%BCller
Rohonyan, Katerina|Katerina_Rohonyan
Lahno, Kateryna|Kateryna_Lahno
Rogoff, Kenneth S.|Kenneth_S._Rogoff
Arachamia-Grant, Ketewan|Ketewan_Arachamia-Grant
Kachiani-Gersinska, Ketino|Ketino_Kachiani-Gersinska
Spraggett, Kevin|Kevin_Spraggett
Georgiew, Kiril|Kiril_Georgiew
Lie, Kjetil|Kjetil_Lie
Bischoff, Klaus|Klaus_Bischoff
Darga, Klaus|Klaus_Darga
Engel, Klaus|Klaus_Engel
Junge, Klaus|Klaus_Junge
Klundt, Klaus|Klaus_Klundt
Wockenfuss, Klaus|Klaus_Wockenfu%C3%9F
Humpy, Koneru|K._Humpy
Landa, Konstantin|Konstantin_Landa
Lerner, Konstantin|Konstantin_Lerner
Sakajew, Konstantin Rufowitsch|Konstantin_Rufowitsch_Sakajew
Sakajew, Konstantin|Konstantin_Rufowitsch_Sakajew
Sasikiran, Krishnan|K._Sasikiran
Hulak, Krunoslav|Krunoslav_Hulak
Nadig, Kruttika|Kruttika_Nadig
Dabrowska, Krystyna|Krystyna_D%C4%85browska
Rybenko, Ksenia|Ksenia_Rybenko
Richter, Kurt|Kurt_Richter
Portisch, Lajos|Lajos_Portisch
Seres, Lajos|Lajos_Seres
Stock, Lara|Lara_Stock
Christiansen, Larry|Larry_Christiansen
Evans, Larry|Larry_Evans
Kaufman, Larry|Larry_Kaufman
Hansen, Lars Bo|Lars_Bo_Hansen
Karlsson, Lars|Lars_Karlsson_%28Schachspieler%29
Schandorff, Lars|Lars_Schandorff
Stark, Lars|Lars_Stark
Barczay, Laszlo|L%C3%A1szl%C3%B3_Barczay
Szabo, Laszlo|L%C3%A1szl%C3%B3_Szab%C3%B3
Vadasz, Laszlo|L%C3%A1szl%C3%B3_Vad%C3%A1sz
Rogule, Laura|Laura_Rogule
Fressinet, Laurent|Laurent_Fressinet
Bruzon, Lazaro|L%C3%A1zaro_Bruz%C3%B3n
Liem, Le Quang|L%C3%AA_Quang_Li%C3%AAm
Johannessen, Leif Erlend|Leif_Erlend_Johannessen
Ogaard, Leif|Leif_%C3%98gaard
Dominguez, Leinier|Leinier_Dom%C3%ADnguez
Dschawachischwili, Lela|Lela_Dschawachischwili
Oll, Lembit|Lembit_Oll
Ptacnikova, Lenka|Lenka_Pt%C3%A1%C4%8Dn%C3%ADkov%C3%A1
Judassin, Leonid|Leonid_Grigorjewitsch_Judassin
Kritz, Leonid|Leonid_Kritz
Schamkowitsch, Leonid|Leonid_Alexandrowitsch_Schamkowitsch
Stein, Leonid|Leonid_Sacharowitsch_Stein
Volosin, Leonid|Leonid_Volo%C5%A1in
Gutman, Lev|Lev_Gutman
Lengyel, Levente|Levente_Lengyel
Alburt, Lew|Lew_Ossipowitsch_Alburt
Polugajewski, Lew|Lew_Abramowitsch_Polugajewski
Psachis, Lew|Lew_Psachis
Panzulaia, Lewan|Lewan_Panzulaia
Aronjan, Lewon|Lewon_Aronjan
Ruofan, Li|Li_Ruofan
Mkrttschjan, Lilit|Lilit_Mkrttschjan
Kieseritzky, Lionel|Lionel_Kieseritzky
Nisipeanu, Liviu-Dieter|Liviu-Dieter_Nisipeanu
Spassow, Ljuben|Ljuben_Spassow
Ljubojevic, Ljubomir|Ljubomir_Ljubojevi%C4%87
Rudenko, Ljudmila|Ljudmila_Wladimirowna_Rudenko
Wely, Loek van|Loek_van_Wely
Arnold, Lothar|Lothar_Arnold
Schmid, Lothar|Lothar_Schmid
Vogt, Lothar|Lothar_Vogt
Zinn, Lothar|Lothar_Zinn
Paulsen, Louis|Louis_Paulsen
Ftacnik, Lubomir|%C4%BDubom%C3%ADr_Ft%C3%A1%C4%8Dnik
Kavalek, Lubomir|Lubomir_Kavalek
Winants, Luc|Luc_Winants
Brunner, Lucas|Lucas_Brunner
Pachman, Ludek|Lud%C4%9Bk_Pachman
Bledow, Ludwig|Ludwig_Bledow
Engels, Ludwig|Ludwig_Engels
Rellstab, Ludwig|Ludwig_Rellstab_%28Schachspieler%29
Roedl, Ludwig|Ludwig_R%C3%B6dl
Lenic, Luka|Luka_Leni%C4%8D
McShane, Luke|Luke_McShane
Espig, Lutz|Lutz_Espig
Carlsen, Magnus|Magnus_Carlsen
Lomineischwili, Maia|Maia_Lomineischwili
Tschiburdanidse, Maia|Maia_Tschiburdanidse
Nimtz, Manfred|Manfred_Nimtz
Apicella, Manuel|Manuel_Apicella
Vokac, Marek|Marek_Vok%C3%A1%C4%8D
Juncu, Margareta|Margareta_Juncu
Petursson, Margeir|Margeir_P%C3%A9tursson
Albulet, Maria|Maria_Albule%C5%A3
Ivanka-Budinsky, Maria|M%C3%A1ria_Iv%C3%A1nka-Budinsky
Kouvatsou, Maria|Maria_Kouvatsou
Sebag, Marie|Marie_Sebag
Manakova, Marija|Marija_Manakova
Makropoulou, Marina|Marina_Makropoulou
Manolache, Marius|Marius_Manolache
Taimanow, Mark|Mark_Jewgenjewitsch_Taimanow
Tratar, Marko|Marko_Tratar
Ragger, Markus|Markus_Ragger
Stangl, Markus|Markus_Stangl_%28Schachspieler%29
Trepp, Markus|Markus_Trepp
Wyvill, Marmaduke|Marmaduke_Wyvill
Litinskaja, Marta|Marta_Litinskaja
Michna, Marta|Marta_Michna
Breutigam, Martin|Martin_Breutigam
Christoffel, Martin|Martin_Christoffel
Forchert, Martin|Martin_Forchert
Mrva, Martin|Martin_Mrva
Neubauer, Martin|Martin_Neubauer
Senff, Martin|Martin_Senff
Beltz, Martina|Martina_Beltz
Gomes, Mary Ann|Mary_Ann_Gomes
Bartel, Mateusz|Mateusz_Bartel
Gerusel, Mathias|Mathias_Gerusel
Damjanovic, Mato|Mato_Damjanovi%C4%87
Sadler, Matthew|Matthew_Sadler
Duppel, Matthias|Matthias_Duppel
Ruefenacht, Matthias|Matthias_R%C3%BCfenacht
Wahls, Matthias|Matthias_Wahls
Ashley, Maurice|Maurice_Ashley
Bluemich, Max|Max_Bl%C3%BCmich
Euwe, Max|Max_Euwe
Lange, Max|Max_Lange
Dlugy, Maxim|Maxim_Dlugy
Rodshtein, Maxim|Maxim_Rodshtein
Vachier-Lagrave, Maxime|Maxime_Vachier-Lagrave
Kanep, Meelis|Meelis_Kanep
Ohme, Melanie|Melanie_Ohme
Gagunaschwili, Merab|Merab_Gagunaschwili
Adams, Michael|Michael_Adams_%28Schachspieler%29
Bezold, Michael|Michael_Bezold
Hoffmann, Michael|Michael_Hoffmann_%28Schachspieler%29
Prusikin, Michael|Michael_Prusikin
Richter, Michael|Michael_Richter_%28Schachspieler%29
Stean, Michael|Michael_Stean
Botwinnik, Michail|Michail_Moissejewitsch_Botwinnik
Gurewitsch, Michail|Michail_Naumowitsch_Gurewitsch
Kobalija, Michail|Michail_Robertowitsch_Kobalija
Tal, Michail|Michail_Tal
Umansky, Michail|Michail_Umansky
Krasenkow, Michal|Micha%C5%82_Krasenkow
Godena, Michele|Michele_Godena
Cordoba, Miguel Illescas|Miguel_Illescas_C%C3%B3rdoba
Najdorf, Miguel|Miguel_Najdorf
Quinteros, Miguel|Miguel_Quinteros
Suba, Mihai|Mihai_%C5%9Eub%C4%83
Udovcic, Mijo|Mijo_Udov%C4%8Di%C4%87
Weiss, Miksa|Miksa_Wei%C3%9F
Manik, Mikulas|Mikul%C3%A1%C5%A1_Man%C3%ADk
Matulovic, Milan|Milan_Matulovi%C4%87
Vidmar, Milan|Milan_Vidmar
Vukic, Milan|Milan_Vuki%C4%87
Bobozow, Milko|Milko_Bobozow
Jirovsky, Milos|Milo%C5%A1_Jirovsk%C3%BD
Khan, Mir Malik Sultan|Mir_Malik_Sultan_Khan
Parligras, Mircea|Mircea_P%C3%A2rligras
Filip, Miroslav|Miroslav_Filip
Grabarczyk, Miroslaw|Miros%C5%82aw_Grabarczyk
Cebalo, Miso|Mi%C5%A1o_Cebalo
Khaled, Mona|Mona_Khaled
Seps, Monika|Monika_Seps
Socko, Monika|Monika_So%C4%87ko
Muhammad al-Mudiyahki|Muhammad_al-Mudiyahki
Chandler, Murray|Murray_Chandler
Ludwig, Myrta|Myrta_Ludwig
Quliyev, Namiq|Namiq_Quliyev
Alexandria, Nana|Nana_Alexandria
Dsagnidse, Nana|Nana_Dsagnidse
Iosseliani, Nana|Nana_Iosseliani
Pogonina, Natalja|Natalja_Andrejewna_Pogonina
Schukowa, Natalja|Natalja_Schukowa
Bojkovic, Natasa|Nata%C5%A1a_Bojkovi%C4%87
Das, Neelotpal|Neelotpal_Das
Aghinjan, Nelli|Nelli_Aghinjan
Hua, Ni|Ni_Hua
Mdov, Nicat|Nicat_M%C9%99mm%C9%99dov
Huschenbeth, Niclas|Niclas_Huschenbeth
Rossolimo, Nicolas|Nicolas_Rossolimo
Davies, Nigel|Nigel_Davies
Short, Nigel|Nigel_Short
Witjugow, Nikita|Nikita_Kirillowitsch_Witjugow
Mitkov, Nikola|Nikola_Mitkov
Padewski, Nikola|Nikola_Padewski
Krogius, Nikolai|Nikolai_Wladimirowitsch_Krogius
Stanec, Nikolaus|Nikolaus_Stanec
Lakos, Nikoletta|Nikoletta_Lakos
Churzidse, Nino|Nino_Churzidse
Gaprindaschwili, Nona|Nona_Gaprindaschwili
Medvegy, Nora|N%C3%B3ra_Medvegy
Luecke, Norbert|Norbert_L%C3%BCcke_%28Schachspieler%29
Cvitan, Ognjen|Ognjen_Cvitan
Duras, Oldrich|Old%C5%99ich_Duras
Romanyschyn, Oleh|Oleh_Romanyschyn
Moros, Olexandr|Olexandr_Moros_%28Schachspieler%29
Onyschtschuk, Olexandr|Olexandr_Onyschtschuk
Rubzowa, Olga|Olga_Nikolajewna_Rubzowa
Zimina, Olga|Olga_Zimina
Niklasch, Oliver|Oliver_Niklasch
Schulte, Oliver|Oliver_Schulte
Staudner, Oliver|Oliver_Staudner
Vargas, Orestes Rodriguez|Orestes_Rodr%C3%ADguez_Vargas
Gelbfuhs, Oscar|Oscar_Gelbfuhs
Panno, Oscar|%C3%93scar_Panno
Naegeli, Oskar|Oskar_Naegeli
Bernstein, Ossip|Ossip_Bernstein
Zambrana, Osvaldo|Osvaldo_Zambrana
Benkner, Otto|Otto_Benkner
Borik, Otto|Otto_Borik
Zimmermann, Otto|Otto_Zimmermann
Zarnicki, Pablo|Pablo_Zarnicki
Benko, Pal|P%C3%A1l_Benk%C5%91
Boi, Paolo|Paolo_Boi
Negi, Parimarjan|Parimarjan_Negi
Schmidt, Paul Felix|Paul_Felix_Schmidt
Keres, Paul|Paul_Keres
Lipke, Paul|Paul_Lipke
Michel, Paul|Paul_Michel_%28Schachspieler%29
Morphy, Paul|Paul_Morphy
Motwani, Paul|Paul_Motwani
Bilguer, Paul Rudolph von|Paul_Rudolph_von_Bilguer
Leonhardt, Paul Saladin|Paul_Saladin_Leonhardt
Troeger, Paul|Paul_Tr%C3%B6ger
Sterren, Paul van der|Paul_van_der_Sterren
Blatny, Pavel|Pavel_Blatn%C3%BD_%28Schachspieler%29
Blehm, Pawel|Pawe%C5%82_Blehm
Eljanow, Pawel|Pawel_Eljanow
Zhaoqin, Peng|Peng_Zhaoqin
Harikrishna, Pentala|P._Harikrishna
Popovic, Petar|Petar_Popovi%C4%87_%28Schachspieler%29
Trifunovic, Petar|Petar_Trifunovi%C4%87
Acs, Peter|P%C3%A9ter_%C3%81cs
Biyiasas, Peter|Peter_Biyiasas
Enders, Peter|Peter_Enders_%28Schachspieler%29
Nielsen, Peter Heine|Peter_Heine_Nielsen
Hertel, Peter|Peter_Hertel_%28Schachspieler%29
Hesse, Peter|Peter_Hesse
Kuehn, Peter|Peter_K%C3%BChn
Leko, Peter|P%C3%A9ter_L%C3%A9k%C3%B3
Lukacs, Peter|P%C3%A9ter_Luk%C3%A1cs
Ostermeyer, Peter|Peter_Ostermeyer
Panzer, Peter|Peter_Panzer
Prohaszka, Peter|P%C3%A9ter_Proh%C3%A1szka
Szekely, Peter|P%C3%A9ter_Sz%C3%A9kely
Haba, Petr|Petr_H%C3%A1ba
Velicka, Petr|Petr_Veli%C4%8Dka
Schlosser, Philipp|Philipp_Schlosser
Stamma, Philipp|Philipp_Stamma
Cramling, Pia|Pia_Cramling
Saint-Amant, Pierre|Pierre_Saint-Amant
Bobras, Piotr|Piotr_Bobras
Swidler, Pjotr|Pjotr_Weniaminowitsch_Swidler
Carlsson, Pontus|Pontus_Carlsson
Nikolic, Predrag|Predrag_Nikoli%C4%87
Ostojic, Predrag|Predrag_Ostoji%C4%87
QHueseynov|Q%C9%99dir_H%C3%BCseynov
Kalod, Radek|Radek_Kalod
Wojtaszek, Radoslaw|Rados%C5%82aw_Wojtaszek
Leitao, Rafael|Rafael_Leit%C3%A3o
Vaganian, Rafael|Rafael_Vaganian
Topakian, Raffi|Raffi_Topakian
Buhmann, Rainer|Rainer_Buhmann
Knaak, Rainer|Rainer_Knaak
Tischbierek, Raj|Raj_Tischbierek
Akesson, Ralf|Ralf_%C3%85kesson
Appel, Ralf|Ralf_Appel
Lau, Ralf|Ralf_Lau
Mateo, Ramon|Ram%C3%B3n_Mateo
Strohhaeker, Raoul|Raoul_Strohh%C3%A4ker
Cholmow, Ratmir|Ratmir_Dmitrijewitsch_Cholmow
Mdov, Rauf|Rauf_M%C9%99mm%C9%99dov
Robson, Ray|Ray_Robson
Keene, Raymond|Raymond_Keene
Odendahl, Reiner|Reiner_Odendahl
Baumhus, Reinhard|Reinhard_Baumhus
Cherubim, Reinhard|Reinhard_Cherubim
Fuchs, Reinhart|Reinhart_Fuchs
Fine, Reuben|Reuben_Fine
Vera, Reynaldo|Reynaldo_Vera
Reti, Richard|Richard_R%C3%A9ti
Teichmann, Richard|Richard_Teichmann
Byrne, Robert|Robert_Byrne
Cvek, Robert|Robert_Cvek
Huebner, Robert|Robert_H%C3%BCbner
Fischer, Robert James|Bobby_Fischer
Weizsaecker, Robert K. von|Robert_K._von_Weizs%C3%A4cker
Kempinski, Robert|Robert_Kempi%C5%84ski
Rabiega, Robert|Robert_Rabiega
Ruck, Robert|R%C3%B3bert_Ruck
Ekstroem, Roland|Roland_Ekstr%C3%B6m
Schmaltz, Roland|Roland_Schmaltz
Schlindwein, Rolf|Rolf_Schlindwein
Dzindzichashvili, Roman|Roman_Dzindzichashvili
Slobodjan, Roman|Roman_Slobodjan
Mainka, Romuald|Romuald_Mainka
Henley, Ron|Ron_Henley
Balinas, Rosendo|Rosendo_Balinas
Lufei, Ruan|Ruan_Lufei
Felgaer, Ruben|Rub%C3%A9n_Felgaer
Charousek, Rudolf|Rudolf_Charousek
Keller, Rudolf|Rudolf_Keller
Palme, Rudolf|Rudolf_Palme
Spielmann, Rudolf|Rudolf_Spielmann
Swiderski, Rudolf|Rudolf_Swiderski
Teschner, Rudolf|Rudolf_Teschner
Djurhuus, Rune|Rune_Djurhuus
Ponomarjow, Ruslan|Ruslan_Ponomarjow
Kasimdzhanov, Rustam|Rustam_Kasimjanov
Dautov, Rustem|Rustem_Dautov
Goletiani, Rusudan|Rusudan_Goletiani
Segura, Ruy Lopez de|Ruy_L%C3%B3pez_de_Segura
Efimenko, Sachar|Sachar_Efimenko
Flohr, Salo|Salo_Flohr
Melia, Salome|Salome_Melia
Loyd, Samuel|Samuel_Loyd
Reshevsky, Samuel|Samuel_Reshevsky
Sjugirow, Sanan|Sanan_Wjatscheslawowitsch_Sjugirow
Mdyarov, Sar|%C5%9E%C9%99hriyar_M%C9%99mm%C9%99dyarov
Sulskis, Sarunas|%C5%A0ar%C5%ABnas_%C5%A0ulskis
Tartakower, Savielly|Savielly_Tartakower
Andriasjan, Sawen|Sawen_Andriasjan
Bogner, Sebastian|Sebastian_Bogner
Siebrecht, Sebastian|Sebastian_Siebrecht
Furman, Semjon|Semjon_Abramowitsch_Furman
Dolmatow, Sergei|Sergei_Wiktorowitsch_Dolmatow
Fedortschuk, Sergei|Sergei_Fedortschuk
Grigorjanz, Sergei|Sergei_Michailowitsch_Grigorjanz
Kalinitschew, Sergei|Sergei_Leonidowitsch_Kalinitschew
Karjakin, Sergei|Sergei_Alexandrowitsch_Karjakin
Makarytschew, Sergei|Sergei_Jurjewitsch_Makarytschew
Rubjowski, Sergei|Sergei_Wladimirowitsch_Rubljowski
Wolkow, Sergei|Sergei_Wiktorowitsch_Wolkow
Movsesjan, Sergej|Sergej_Movsesjan
Tiviakov, Sergey|Sergey_Tiviakov
Yang, Shen|Shen_Yang
Safin, Shuxrat|Shuxrat_Safin
Tarrasch, Siegbert|Siegbert_Tarrasch
Baumegger, Siegfried|Siegfried_Baumegger
Dittmann, Sieghart|Sieghart_Dittmann
Agdestein, Simen|Simen_Agdestein
Ernst, Sipke|Sipke_Ernst
Schyhalka, Sjarhej|Sjarhej_Schyhalka
Cicak, Slavko|Slavko_Cicak
Lputjan, Smbat|Smbat_Lputjan
Graf-Stevenson, Sonja|Sonja_Graf
Graf, Sonja|Sonja_Graf
Milliet, Sophie|Sophie_Milliet
Bromberger, Stefan|Stefan_Bromberger
Kindermann, Stefan|Stefan_Kindermann
Mohr, Stefan|Stefan_Mohr
Wehmeier, Stefan|Stefan_Wehmeier
Brynell, Stellan|Stellan_Brynell
Conquest, Stuart|Stuart_Conquest
Atalik, Suat|Suat_Atal%C4%B1k
Vijayalakshmi, Subbaraman|S._Vijayalakshmi
Hansen, Sune Berg|Sune_Berg_Hansen
Asmaiparaschwili, Surab|Surab_Asmaiparaschwili
Ganguly, Surya Shekhar|Surya_Shekhar_Ganguly
Megaranto, Susanto|Susanto_Megaranto
Maksimovic, Suzana|Suzana_Maksimovi%C4%87
Telljohann, Sven|Sven_Telljohann
Gligoric, Svetozar|Svetozar_Gligori%C4%87
Prudnikowa, Swetlana|Swetlana_Alexandrowna_Prudnikowa
Isoria, Swiad|Swiad_Isoria
Shaked, Tal|Tal_Shaked
Chmiadaschwili, Tamar|Tamar_Chmiadaschwili
Giorgadse, Tamas|Tamas_Giorgadse
Sachdev, Tania|Tania_Sachdev
Lasa, Tassilo von Heydebrand und der|Tassilo_von_Heydebrand_und_der_Lasa
Kossinzewa, Tatjana|Tatjana_Anatoljewna_Kossinzewa
Lematschko, Tatjana|Tatjana_Lematschko
Rubzowa, Tatjana|Tatjana_Alexejewna_Rubzowa
Satulowskaja, Tatjana|Tatjana_Jakowlewna_Satulowskaja
Rov, Teymur|Teymur_R%C9%99c%C9%99bov
Schuster, Theo|Theo_Schuster_%28Schachspieler%29
Scheve, Theodor von|Theodor_von_Scheve
Heinemann, Thies|Thies_Heinemann
Luther, Thomas|Thomas_Luther
Neuer, Thomas|Thomas_Neuer
Paehtz, Thomas|Thomas_P%C3%A4htz
Haub, Thorsten Michael|Thorsten_Michael_Haub
Tian, Tian|Tian_Tian_%28Schachspielerin%29
Persson, Tiger Hillarp|Tiger_Hillarp_Persson
Petrosjan, Tigran|Tigran_Petrosjan
Mietzner, Tina|Tina_Mietzner
Wedberg, Tom|Tom_Wedberg
Likavsky, Tomas|Tom%C3%A1%C5%A1_Likavsk%C3%BD
Oral, Tomas|Tom%C3%A1%C5%A1_Oral
Petrik, Tomas|Tom%C3%A1%C5%A1_Petr%C3%ADk
Polak, Tomas|Tom%C3%A1%C5%A1_Pol%C3%A1k
Markowski, Tomasz|Tomasz_Markowski
Nybaeck, Tomi|Tomi_Nyb%C3%A4ck
Miles, Tony|Tony_Miles
Nedev, Trajce|Traj%C4%8De_Nedev
Hamarat, Tunc|Tunc_Hamarat
Andersson, Ulf|Ulf_Andersson
Schulze, Ulrich|Ulrich_Schulze_%28Schachspieler%29
Adianto, Utut|Utut_Adianto
Boensch, Uwe|Uwe_B%C3%B6nsch
Milov, Vadim|Vadim_Milov
Akobian, Varuzhan|Varuzhan_Akobian
Sanduleac, Vasile|Vasile_Sanduleac
Kotronias, Vasilios|Vasilios_Kotronias
Pirc, Vasja|Vasja_Pirc
Juergens, Vera|Vera_J%C3%BCrgens
Menchik, Vera|Vera_Menchik
Ciocaltea, Victor|Victor_Cioc%C3%A2ltea
Bologan, Viktor|Viktor_Bologan
Erdos, Viktor|Viktor_Erd%C5%91s
Gavrikov, Viktor|Viktor_Gavrikov
Kortschnoi, Viktor|Viktor_Kortschnoi
Laznicka, Viktor|Viktor_L%C3%A1zni%C4%8Dka
Cmilyte, Viktorija|Viktorija_%C4%8Cmilyt%C4%97
Grimm, Vincenz|Vincenz_Grimm
Anand, Viswanathan|Viswanathan_Anand
Golod, Vitali|Vitali_Golod
Raicevic, Vladimir|Vladimir_Rai%C4%8Devi%C4%87
Petrovs, Vladimirs|Vladimirs_Petrovs
Tkachiev, Vladislav|Vladislav_Tkachiev
Babula, Vlastimil|Vlastimil_Babula
Hort, Vlastimil|Vlastimil_Hort
Jansa, Vlastimil|Vlastimil_Jansa
Anton, Volker-Michael|Volker-Michael_Anton
Hov, Vueqar|V%C3%BCqar_H%C9%99%C5%9Fimov
Swjaginzew, Wadim|Wadim_Swjaginzew
Malachatko, Wadym|Wadym_Malachatko
Koslowskaja, Walentina|Walentina_Jakowlewna_Koslowskaja
Beim, Waleri|Waleri_Beim
Salow, Waleri|Waleri_Borissowitsch_Salow
Tschechow, Waleri|Waleri_Alexandrowitsch_Tschechow
Arencibia, Walter|Walter_Arencibia
Browne, Walter|Walter_Browne
Henneberger, Walter|Walter_Henneberger
Niephaus, Walter|Walter_Niephaus
Holzhausen, Walther Freiherr von|Walther_Freiherr_von_Holzhausen
Nowarra, Waltraud|Waltraud_Nowarra
Hao, Wang|Wang_Hao_%28Schachspieler%29
Pin, Wang|Wang_Pin
Yue, Wang|Wang_Yue
Spassow, Wassil|Wassil_Spassow
Smyslow, Wassili|Wassili_Wassiljewitsch_Smyslow
Iwantschuk, Wassyl|Wassyl_Iwantschuk
Nebolsina, Wera|Wera_Nebolsina
Beckemeyer, Werner|Werner_Beckemeyer
Golz, Werner|Werner_Golz
Hug, Werner|Werner_Hug
Topalow, Wesselin|Wesselin_Topalow
Kupreitschik, Wiktor|Wiktor_Dawidowitsch_Kupreitschik
Moskalenko, Wiktor|Wiktor_Moskalenko
Cohn, Wilhelm|Wilhelm_Cohn
Hanstein, Wilhelm|Wilhelm_Hanstein
Steinitz, Wilhelm|Wilhelm_Steinitz
Schlage, Willi|Willi_Schlage
Evans, William Davies|William_Davies_Evans
Lewis, William|William_Lewis_%28Schachspieler%29
Lombardy, William|William_Lombardy
Watson, William|William_N._Watson
Zeschkowski, Witali|Witali_Walerjewitsch_Zeschkowski
Kunin, Witaly|Witaly_Kunin
Ragosin, Wjatscheslaw|Wjatscheslaw_Wassiljewitsch_Ragosin
Antoschin, Wladimir|Wladimir_Sergejewitsch_Antoschin
Bagirow, Wladimir|Wladimir_Bagirow
Baklan, Wladimir|Wladimir_Baklan
Burmakin, Wladimir|Wladimir_Burmakin
Hakobjan, Wladimir|Wladimir_Hakobjan
Jepischin, Wladimir|Wladimir_Sergejewitsch_Jepischin
Kramnik, Wladimir|Wladimir_Borissowitsch_Kramnik
Liberson, Wladimir|Wladimir_Michailowitsch_Liberson
Malachow, Wladimir|Wladimir_Nailjewitsch_Malachow
Sawon, Wladimir|Wladimir_Sawon
Simagin, Wladimir|Wladimir_Pawlowitsch_Simagin
Tukmakow, Wladimir|Wladimir_Borissowitsch_Tukmakow
Schmidt, Wlodzimierz|W%C5%82odzimierz_Schmidt
Gerstner, Wolfgang|Wolfgang_Gerstner
Pietzsch, Wolfgang|Wolfgang_Pietzsch
Richter, Wolfgang|Wolfgang_Richter_%28Schachspieler%29
Uhlmann, Wolfgang|Wolfgang_Uhlmann
Unzicker, Wolfgang|Wolfgang_Unzicker
Weil, Wolfgang|Wolfgang_Weil
Jun, Xie|Xie_Jun
Yuanyuan, Xu|Xu_Yuanyuan
Yuhua, Xu|Xu_Yuhua
Kraidman, Yair|Yair_Kraidman
Pelletier, Yannick|Yannick_Pelletier
Seirawan, Yasser|Yasser_Seirawan
Jiangchuan, Ye|Ye_Jiangchuan
Visser, Yge|Yge_Visser
Hracek, Zbynek|Zbyn%C4%9Bk_Hr%C3%A1%C4%8Dek
Kozul, Zdenko|Zdenko_Ko%C5%BEul
Jilin, Zhang|Zhang_Jilin
Pengxiang, Zhang|Zhang_Pengxiang
Zhong, Zhang|Zhang_Zhong
Xue, Zhao|Zhao_Xue
Chen, Zhu|Zhu_Chen
Lanka, Zigurds|Zigurds_Lanka
Almasi, Zoltan|Zolt%C3%A1n_Alm%C3%A1si
Gyimesi, Zoltan|Zolt%C3%A1n_Gyimesi
Medvegy, Zoltan|Zolt%C3%A1n_Medvegy
Ribli, Zoltan|Zolt%C3%A1n_Ribli
Varga, Zoltan|Zolt%C3%A1n_Varga_%28Schachspieler%29
Polgar, Zsofia|Zs%C3%B3fia_Polg%C3%A1r
Polgar, Zsuzsa|Zsuzsa_Polg%C3%A1r
Stanojoski, Zvonko|Zvonko_Stanojoski
